Competition,Date,Team,Athlete,Results,Rank,Year,Event_ID,Padronizado
18th FINA World Championships 2019,2019-07-26,USA,Simone MANUEL,52.04,1,2019,18th FINA World Championships 2019 - Gwangju,-1.628858153609164
13th FINA World Championships 2009,2009-07-31,GER,Britta STEFFEN,52.07,1,2009,13th FINA World Championships 2009 - Rome,-1.9184908618788703
World Aquatics Championships - Fukuoka 2023,2023-07-28,AUS,Mollie O'CALLAGHAN,52.16,1,2023,World Aquatics Championships - Fukuoka 2023 - Fukuoka,-1.311315428646671
World Aquatics Championships - Doha 2024,2024-02-16,NED,Marrit STEENBERGEN,52.26,1,2024,World Aquatics Championships - Doha 2024 - Doha,-1.2586007393104701
17th FINA World Championships 2017,2017-07-28,USA,Simone MANUEL,52.27,1,2017,17th FINA World Championships 2017 - Budapest,-1.4240143253821858
17th FINA World Championships 2017,2017-07-28,SWE,Sarah SJOESTROEM,52.31,2,2017,17th FINA World Championships 2017 - Budapest,-1.3098076626948953
15th FINA World Championships 2013,2013-08-02,AUS,Cate CAMPBELL,52.34,1,2013,15th FINA World Championships 2013 - Barcelona,-1.723792859023113
18th FINA World Championships 2019,2019-07-26,AUS,Cate CAMPBELL,52.43,2,2019,18th FINA World Championships 2019 - Gwangju,-0.7957372619271016
18th FINA World Championships 2019,2019-07-26,SWE,Sarah SJOESTROEM,52.46,3,2019,18th FINA World Championships 2019 - Gwangju,-0.7316510394900176
World Aquatics Championships - Fukuoka 2023,2023-07-28,HKG,Siobhan HAUGHEY,52.49,2,2023,World Aquatics Championships - Fukuoka 2023 - Fukuoka,-0.8153451232559463
16th FINA World Championships 2015,2015-08-07,AUS,Bronte CAMPBELL,52.52,1,2015,16th FINA World Championships 2015 - Kazan,-1.1859565726552772
World Aquatics Championships - Singapore 2025,2025-08-01,NED,Marrit STEENBERGEN,52.55,1,2025,World Aquatics Championships - Singapore 2025 - Singapore,-1.4372688651952386
World Aquatics Championships - Doha 2024,2024-02-16,HKG,Siobhan HAUGHEY,52.56,2,2024,World Aquatics Championships - Doha 2024 - Doha,-0.9002802441331073
World Aquatics Championships - Singapore 2025,2025-08-01,AUS,Mollie O'CALLAGHAN,52.67,2,2025,World Aquatics Championships - Singapore 2025 - Singapore,-1.0592474650342822
19th FINA World Championships Budapest 2022,2022-06-23,AUS,Mollie O'CALLAGHAN,52.67,1,2022,19th FINA World Championships Budapest 2022 - Budapest,-1.2917451653091834
17th FINA World Championships 2017,2017-07-28,DEN,Pernille BLUME,52.69,3,2017,17th FINA World Championships 2017 - Budapest,-0.22484436716562642
16th FINA World Championships 2015,2015-08-07,SWE,Sarah SJOESTROEM,52.7,2,2015,16th FINA World Championships 2015 - Kazan,-0.9526536403296492
World Aquatics Championships - Fukuoka 2023,2023-07-28,NED,Marrit STEENBERGEN,52.71,3,2023,World Aquatics Championships - Fukuoka 2023 - Fukuoka,-0.4846982529954702
18th FINA World Championships 2019,2019-07-26,AUS,Emma MCKEON,52.75,4,2019,18th FINA World Championships 2019 - Gwangju,-0.11215088926489708
17th FINA World Championships 2017,2017-07-28,USA,Mallory COMERFORD,52.77,4,2017,17th FINA World Championships 2017 - Budapest,0.003568958208974655
17th FINA World Championships 2017,2017-07-28,NED,Ranomi KROMOWIDJOJO,52.78,5,2017,17th FINA World Championships 2017 - Budapest,0.03212062388079218
19th FINA World Championships Budapest 2022,2022-06-23,SWE,Sarah SJOESTROEM,52.8,2,2022,19th FINA World Championships Budapest 2022 - Budapest,-0.9990621648905536
World Aquatics Championships - Fukuoka 2023,2023-07-28,USA,Kate DOUGLASS,52.81,4,2023,World Aquatics Championships - Fukuoka 2023 - Fukuoka,-0.33440422105888723
16th FINA World Championships 2015,2015-08-07,AUS,Cate CAMPBELL,52.82,3,2015,16th FINA World Championships 2015 - Kazan,-0.7971183521125668
World Aquatics Championships - Doha 2024,2024-02-16,AUS,Shayna JACK,52.83,3,2024,World Aquatics Championships - Doha 2024 - Doha,-0.57779179847349
World Aquatics Championships - Fukuoka 2023,2023-07-28,AUS,Emma MCKEON,52.83,5,2023,World Aquatics Championships - Fukuoka 2023 - Fukuoka,-0.30434541467157705
13th FINA World Championships 2009,2009-07-31,GBR,Fran HALSALL,52.87,2,2009,13th FINA World Championships 2009 - Rome,-0.510424174261351
World Aquatics Championships - Singapore 2025,2025-08-01,USA,Torri HUSKE,52.89,3,2025,World Aquatics Championships - Singapore 2025 - Singapore,-0.36620823140589265
15th FINA World Championships 2013,2013-08-02,SWE,Sarah SJOESTROEM,52.89,2,2013,15th FINA World Championships 2013 - Barcelona,-0.9320717129164668
World Aquatics Championships - Singapore 2025,2025-08-01,NED,Milou VAN WIJK,52.91,4,2025,World Aquatics Championships - Singapore 2025 - Singapore,-0.3032046647124149
19th FINA World Championships Budapest 2022,2022-06-23,USA,Torri HUSKE,52.92,3,2022,19th FINA World Championships Budapest 2022 - Budapest,-0.7288932414271833
13th FINA World Championships 2009,2009-07-31,AUS,Libby LENTON,52.93,3,2009,13th FINA World Championships 2009 - Rome,-0.40481917269003276
17th FINA World Championships 2017,2017-07-28,CAN,Penny OLEKSIAK,52.94,6,2017,17th FINA World Championships 2017 - Budapest,0.48894727462995374
World Aquatics Championships - Singapore 2025,2025-08-01,NAB,Daria KLEPIKOVA,52.98,5,2025,World Aquatics Championships - Singapore 2025 - Singapore,-0.08269218128519795
19th FINA World Championships Budapest 2022,2022-06-23,CAN,Penny OLEKSIAK,52.98,4,2022,19th FINA World Championships Budapest 2022 - Budapest,-0.593808779695514
World Aquatics Championships - Doha 2024,2024-02-16,USA,Kate DOUGLASS,53.02,4,2024,World Aquatics Championships - Doha 2024 - Doha,-0.3508554848611577
18th FINA World Championships 2019,2019-07-26,CAN,Taylor RUCK,53.03,5,2019,18th FINA World Championships 2019 - Gwangju,0.4859871868145338
18th FINA World Championships 2019,2019-07-26,NED,Femke HEEMSKERK,53.05,6,2019,18th FINA World Championships 2019 - Gwangju,0.5287113351059131
World Aquatics Championships - Doha 2024,2024-02-16,GBR,Anna HOPKIN,53.09,5,2024,World Aquatics Championships - Doha 2024 - Doha,-0.2672473693197739
13th FINA World Championships 2009,2009-07-31,USA,Amanda WEIR,53.12,4,2009,13th FINA World Championships 2009 - Rome,-0.07040333438087472
16th FINA World Championships 2015,2015-08-07,NED,Ranomi KROMOWIDJOJO,53.17,4,2015,16th FINA World Championships 2015 - Kazan,-0.3434737614793983
17th FINA World Championships 2017,2017-07-28,AUS,Bronte CAMPBELL,53.18,7,2017,17th FINA World Championships 2017 - Budapest,1.1741872507537163
17th FINA World Championships 2017,2017-07-28,AUS,Emma MCKEON,53.21,8,2017,17th FINA World Championships 2017 - Budapest,1.2598422477691893
18th FINA World Championships 2019,2019-07-26,USA,Mallory COMERFORD,53.22,7,2019,18th FINA World Championships 2019 - Gwangju,0.8918665955827125
13th FINA World Championships 2009,2009-07-31,USA,Dana VOLLMER,53.3,5,2009,13th FINA World Championships 2009 - Rome,0.24641167033306774
World Aquatics Championships - Singapore 2025,2025-08-01,FRA,Beryl GASTALDELLO,53.3,6,2025,World Aquatics Championships - Singapore 2025 - Singapore,0.9253648858106477
World Aquatics Championships - Singapore 2025,2025-08-01,CHN,Yujie CHENG,53.34,7,2025,World Aquatics Championships - Singapore 2025 - Singapore,1.051372019197648
World Aquatics Championships - Fukuoka 2023,2023-07-28,USA,Abbey WEITZEIL,53.34,6,2023,World Aquatics Championships - Fukuoka 2023 - Fukuoka,0.4621541482049929
13th FINA World Championships 2009,2009-07-31,NED,Ranomi KROMOWIDJOJO,53.37,6,2009,13th FINA World Championships 2009 - Rome,0.36961750549960165
12th FINA World Championships 2007,2007-03-30,AUS,Libby LENTON,53.4,1,2007,12th FINA World Championships 2007 - Melbourne,-1.3735654688882586
World Aquatics Championships - Singapore 2025,2025-08-01,ITA,Sara CURTIS,53.41,8,2025,World Aquatics Championships - Singapore 2025 - Singapore,1.2718845026248424
15th FINA World Championships 2013,2013-08-02,NED,Ranomi KROMOWIDJOJO,53.42,3,2013,15th FINA World Championships 2013 - Barcelona,-0.16914042666823853
18th FINA World Championships 2019,2019-07-26,GBR,Freya ANDERSON,53.44,8,2019,18th FINA World Championships 2019 - Gwangju,1.3618322267879752
14th FINA World Championships 2011,2011-07-29,BLR,Aliaksandra HERASIMENIA,53.45,1,2011,14th FINA World Championships 2011 - Shanghai,-1.116812111086465
14th FINA World Championships 2011,2011-07-29,DEN,Jeanette OTTESEN,53.45,1,2011,14th FINA World Championships 2011 - Shanghai,-1.116812111086465
15th FINA World Championships 2013,2013-08-02,USA,Missy FRANKLIN,53.47,4,2013,15th FINA World Championships 2013 - Barcelona,-0.09716577702218349
19th FINA World Championships Budapest 2022,2022-06-23,CHN,Yujie CHENG,53.58,5,2022,19th FINA World Championships Budapest 2022 - Budapest,0.7570358376212897
16th FINA World Championships 2015,2015-08-07,NED,Femke HEEMSKERK,53.58,5,2015,16th FINA World Championships 2015 - Kazan,0.18793847326230673
19th FINA World Championships Budapest 2022,2022-06-23,CAN,Kayla SANCHEZ,53.59,6,2022,19th FINA World Championships Budapest 2022 - Budapest,0.7795499145765812
19th FINA World Championships Budapest 2022,2022-06-23,FRA,Marie WATTEL,53.6,7,2022,19th FINA World Championships Budapest 2022 - Budapest,0.8020639915318567
14th FINA World Championships 2011,2011-07-29,NED,Ranomi KROMOWIDJOJO,53.66,3,2011,14th FINA World Championships 2011 - Shanghai,-0.4006883146646321
15th FINA World Championships 2013,2013-08-02,NED,Femke HEEMSKERK,53.67,5,2013,15th FINA World Championships 2013 - Barcelona,0.19073282156205706
12th FINA World Championships 2007,2007-03-30,NED,Magdalena VELDHUIS,53.7,2,2007,12th FINA World Championships 2007 - Melbourne,-0.7468435819430356
13th FINA World Championships 2009,2009-07-31,DEN,Jeanette OTTESEN,53.7,7,2009,13th FINA World Championships 2009 - Rome,0.9504450141418399
14th FINA World Championships 2011,2011-07-29,NED,Femke HEEMSKERK,53.72,4,2011,14th FINA World Championships 2011 - Shanghai,-0.19608151568695176
14th FINA World Championships 2011,2011-07-29,GBR,Fran HALSALL,53.72,4,2011,14th FINA World Championships 2011 - Shanghai,-0.19608151568695176
12th FINA World Championships 2007,2007-03-30,GER,Britta STEFFEN,53.74,3,2007,12th FINA World Championships 2007 - Melbourne,-0.6632806636836756
15th FINA World Championships 2013,2013-08-02,GER,Britta STEFFEN,53.75,6,2013,15th FINA World Championships 2013 - Barcelona,0.30589226099574923
14th FINA World Championships 2011,2011-07-29,AUS,Alicia COUTTS,53.81,6,2011,14th FINA World Championships 2011 - Shanghai,0.11082868277956878
19th FINA World Championships Budapest 2022,2022-06-23,USA,Claire CURZAN,53.81,8,2022,19th FINA World Championships Budapest 2022 - Budapest,1.2748596075927388
World Aquatics Championships - Fukuoka 2023,2023-07-28,SWE,Michelle COLEMAN,53.83,7,2023,World Aquatics Championships - Fukuoka 2023 - Fukuoka,1.1985949046942312
12th FINA World Championships 2007,2007-03-30,USA,Natalie COUGHLIN,53.87,4,2007,12th FINA World Championships 2007 - Melbourne,-0.3917011793407589
13th FINA World Championships 2009,2009-07-31,HUN,Evelin VERRASZTO,53.92,8,2009,13th FINA World Championships 2009 - Rome,1.337663353236657
16th FINA World Championships 2015,2015-08-07,USA,Simone MANUEL,53.93,6,2015,16th FINA World Championships 2015 - Kazan,0.6415830638954751
16th FINA World Championships 2015,2015-08-07,USA,Missy FRANKLIN,54.0,7,2015,16th FINA World Championships 2015 - Kazan,0.7323119820221088
7th FINA World Championships 1994,1994-09-05,CHN,Jingyi LE,54.01,1,1994,7th FINA World Championships 1994 - Rome,-1.5111315053299483
World Aquatics Championships - Doha 2024,2024-02-16,BRA,Stephanie BALDUCCINI,54.05,6,2024,World Aquatics Championships - Doha 2024 - Doha,0.8793782152477635
World Aquatics Championships - Doha 2024,2024-02-16,POL,Kornelia FIEDKIEWICZ,54.06,7,2024,World Aquatics Championships - Doha 2024 - Doha,0.8913222317536815
World Aquatics Championships - Fukuoka 2023,2023-07-28,CHN,Junxuan YANG,54.09,8,2023,World Aquatics Championships - Fukuoka 2023 - Fukuoka,1.589359387729349
12th FINA World Championships 2007,2007-03-30,CAN,Erica MORNINGSTAR,54.1,5,2007,12th FINA World Championships 2007 - Melbourne,0.08878560065058032
7th FINA World Championships 1994,1994-09-05,CHN,Bin LU,54.15,2,1994,7th FINA World Championships 1994 - Rome,-1.3216054934632577
11th FINA World Championships 2005,2005-07-29,AUS,Jodie HENRY,54.18,1,2005,11th FINA World Championships 2005 - Montreal,-2.0482325399236103
9th FINA World Championships 2001,2001-07-25,NED,Inge DE BRUIJN,54.18,1,2001,9th FINA World Championships 2001 - Fukuoka,-2.266767213862329
14th FINA World Championships 2011,2011-07-29,USA,Dana VOLLMER,54.19,7,2011,14th FINA World Championships 2011 - Shanghai,1.40667174297148
12th FINA World Championships 2007,2007-03-30,AUS,Jodie HENRY,54.21,6,2007,12th FINA World Championships 2007 - Melbourne,0.3185836258638243
14th FINA World Championships 2011,2011-07-29,USA,Natalie COUGHLIN,54.22,8,2011,14th FINA World Championships 2011 - Shanghai,1.50897514246032
15th FINA World Championships 2013,2013-08-02,CHN,Yi TANG,54.27,7,2013,15th FINA World Championships 2013 - Barcelona,1.0544286173147686
10th FINA World Championships 2003,2003-07-25,FIN,Hanna-Maria SEPPALA,54.37,1,2003,10th FINA World Championships 2003 - Barcelona,-1.6658279800452958
15th FINA World Championships 2013,2013-08-02,USA,Shannon VREELAND,54.49,8,2013,15th FINA World Championships 2013 - Barcelona,1.3711170757574271
10th FINA World Championships 2003,2003-07-25,AUS,Jodie HENRY,54.58,2,2003,10th FINA World Championships 2003 - Barcelona,-0.7885267240966718
World Aquatics Championships - Doha 2024,2024-02-16,CZE,Barbora SEEMANOVA,54.64,8,2024,World Aquatics Championships - Doha 2024 - Doha,1.5840751890965712
10th FINA World Championships 2003,2003-07-25,USA,Jenny THOMPSON,54.65,3,2003,10th FINA World Championships 2003 - Barcelona,-0.4960929721137972
12th FINA World Championships 2007,2007-03-30,SWE,Josefin LILLHAGE,54.67,7,2007,12th FINA World Championships 2007 - Melbourne,1.2795571858464878
11th FINA World Championships 2005,2005-07-29,USA,Natalie COUGHLIN,54.74,2,2005,11th FINA World Championships 2005 - Montreal,-0.21667929065059072
11th FINA World Championships 2005,2005-07-29,FRA,Malia METELLA,54.74,2,2005,11th FINA World Championships 2005 - Montreal,-0.21667929065059072
16th FINA World Championships 2015,2015-08-07,CHN,Duo SHEN,54.76,8,2015,16th FINA World Championships 2015 - Kazan,1.7173688073969824
12th FINA World Championships 2007,2007-03-30,FRA,Malia METELLA,54.77,8,2007,12th FINA World Championships 2007 - Melbourne,1.4884644814948955
11th FINA World Championships 2005,2005-07-29,USA,Amanda WEIR,54.77,4,2005,11th FINA World Championships 2005 - Montreal,-0.11856036658238993
7th FINA World Championships 1994,1994-09-05,GER,Franziska VAN ALMSICK,54.77,3,1994,7th FINA World Championships 1994 - Rome,-0.4822760123393391
10th FINA World Championships 2003,2003-07-25,BLR,Alena POPCHANKA,54.79,4,2003,10th FINA World Championships 2003 - Barcelona,0.08877453185195203
10th FINA World Championships 2003,2003-07-25,AUS,Libby LENTON,54.82,5,2003,10th FINA World Championships 2003 - Barcelona,0.21410328270175968
10th FINA World Championships 2003,2003-07-25,SVK,Martina MORAVCOVA,54.86,6,2003,10th FINA World Championships 2003 - Barcelona,0.38120828383482663
11th FINA World Championships 2005,2005-07-29,NED,Magdalena VELDHUIS,54.9,5,2005,11th FINA World Championships 2005 - Montreal,0.30662163771311585
10th FINA World Championships 2003,2003-07-25,GER,Antje BUSCHSCHULTE,54.91,7,2003,10th FINA World Championships 2003 - Barcelona,0.5900895352511529
11th FINA World Championships 2005,2005-07-29,AUS,Alice MILLS,54.92,6,2005,11th FINA World Championships 2005 - Montreal,0.3720342537585908
11th FINA World Championships 2005,2005-07-29,GRE,Nery Mantey NIANGKOUARA,54.93,7,2005,11th FINA World Championships 2005 - Montreal,0.4047405617813167
8th FINA World Championships 1998,1998-01-08,USA,Jenny THOMPSON,54.95,1,1998,8th FINA World Championships 1998 - Perth,-0.9657357073987197
5th FINA World Championships 1986,1986-08-17,GDR,Kristin OTTO,55.05,1,1986,5th FINA World Championships 1986 - Madrid,-1.5823619382193794
9th FINA World Championships 2001,2001-07-25,GER,Katrin MEISSNER,55.07,2,2001,9th FINA World Championships 2001 - Fukuoka,-0.13192825054225124
8th FINA World Championships 1998,1998-01-08,SVK,Martina MORAVCOVA,55.09,2,1998,8th FINA World Championships 1998 - Perth,-0.7502727607280874
8th FINA World Championships 1998,1998-01-08,CHN,Ying SHAN,55.1,3,1998,8th FINA World Championships 1998 - Perth,-0.7348825502516168
9th FINA World Championships 2001,2001-07-25,GER,Sandra VOLKER,55.11,3,2001,9th FINA World Championships 2001 - Fukuoka,-0.035980431966070064
9th FINA World Championships 2001,2001-07-25,SVK,Martina MORAVCOVA,55.12,4,2001,9th FINA World Championships 2001 - Fukuoka,-0.011993477322029038
8th FINA World Championships 1998,1998-01-08,USA,Amy VAN DYKEN,55.15,4,1998,8th FINA World Championships 1998 - Perth,-0.6579314978692528
7th FINA World Championships 1994,1994-09-05,USA,Jenny THOMPSON,55.16,4,1994,7th FINA World Championships 1994 - Rome,0.04568930643214538
10th FINA World Championships 2003,2003-07-25,NED,Magdalena VELDHUIS,55.17,8,2003,10th FINA World Championships 2003 - Barcelona,1.6762720426161328
6th FINA World Championships 1991,1991-01-07,USA,Nicole HAISLETT,55.17,1,1991,6th FINA World Championships 1991 - Perth,-1.504046267678454
9th FINA World Championships 2001,2001-07-25,BLR,Alena POPCHANKA,55.19,5,2001,9th FINA World Championships 2001 - Fukuoka,0.15591520518629226
11th FINA World Championships 2005,2005-07-29,GER,Daniela GOETZ,55.27,8,2005,11th FINA World Championships 2005 - Montreal,1.516755034554228
6th FINA World Championships 1991,1991-01-07,FRA,Catherine PLEWINSKI,55.31,2,1991,6th FINA World Championships 1991 - Perth,-1.274232922548868
8th FINA World Championships 1998,1998-01-08,GER,Sandra VOLKER,55.33,5,1998,8th FINA World Championships 1998 - Perth,-0.380907709292727
9th FINA World Championships 2001,2001-07-25,CHN,Yanwei XU,55.38,6,2001,9th FINA World Championships 2001 - Fukuoka,0.6116673434231741
9th FINA World Championships 2001,2001-07-25,SWE,Johanna SJOBERG,55.42,7,2001,9th FINA World Championships 2001 - Fukuoka,0.7076151619993553
9th FINA World Championships 2001,2001-07-25,AUS,Sarah RYAN,55.53,8,2001,9th FINA World Championships 2001 - Fukuoka,0.9714716630838577
7th FINA World Championships 1994,1994-09-05,DEN,Mette JACOBSEN,55.57,5,1994,7th FINA World Championships 1994 - Rome,0.600729769756028
6th FINA World Championships 1991,1991-01-07,CHN,Yong ZHUANG,55.65,3,1991,6th FINA World Championships 1991 - Perth,-0.7161147986627387
3rd FINA World Championships 1978,1978-08-28,GDR,Barbara KRAUSE,55.68,1,1978,3rd FINA World Championships 1978 - West Berlin,-2.000347602929135
5th FINA World Championships 1986,1986-08-17,USA,Jenna JOHNSON,55.7,2,1986,5th FINA World Championships 1986 - Madrid,-0.5933857268322646
7th FINA World Championships 1994,1994-09-05,USA,Angel MARTINO,55.77,6,1994,7th FINA World Championships 1994 - Rome,0.8714812152798745
7th FINA World Championships 1994,1994-09-05,GBR,Karen PICKERING,55.79,7,1994,7th FINA World Championships 1994 - Rome,0.8985563598322535
7th FINA World Championships 1994,1994-09-05,JPN,Suzu CHIBA,55.79,7,1994,7th FINA World Championships 1994 - Rome,0.8985563598322535
4th FINA World Championships 1982,1982-08-01,GDR,Birgit MEINEKE-HEUKRODT,55.79,1,1982,4th FINA World Championships 1982 - Guayaquil,-1.5340638031768856
5th FINA World Championships 1986,1986-08-17,NED,Conny VAN BENTUM,55.79,3,1986,5th FINA World Championships 1986 - Madrid,-0.4564505591017478
5th FINA World Championships 1986,1986-08-17,GDR,Manuela STELLMACH,55.86,4,1986,5th FINA World Championships 1986 - Madrid,-0.34994542864467443
4th FINA World Championships 1982,1982-08-01,NED,Annemarie VERSTAPPEN,55.87,2,1982,4th FINA World Championships 1982 - Guayaquil,-1.353585708685491
5th FINA World Championships 1986,1986-08-17,ROU,Tamara COSTACHE,56.03,5,1986,5th FINA World Championships 1986 - Madrid,-0.09129011182035172
8th FINA World Championships 1998,1998-01-08,GBR,Sue ROLPH,56.03,6,1998,8th FINA World Championships 1998 - Perth,0.6964070240604348
4th FINA World Championships 1982,1982-08-01,USA,Jill STERKEL,56.27,3,1982,4th FINA World Championships 1982 - Guayaquil,-0.45119523622848634
5th FINA World Championships 1986,1986-08-17,USA,Mary T MEAGHER,56.33,6,1986,5th FINA World Championships 1986 - Madrid,0.3651604472813853
6th FINA World Championships 1991,1991-01-07,NED,Karin BRIENESSE,56.34,4,1991,6th FINA World Championships 1991 - Perth,0.4165366880473675
6th FINA World Championships 1991,1991-01-07,GER,Manuela STELLMACH,56.45,5,1991,6th FINA World Championships 1991 - Perth,0.5971043163634692
8th FINA World Championships 1998,1998-01-08,JPN,Sumika MINAMOTO,56.48,7,1998,8th FINA World Championships 1998 - Perth,1.3889664955017436
8th FINA World Championships 1998,1998-01-08,NED,Inge DE BRUIJN,56.49,8,1998,8th FINA World Championships 1998 - Perth,1.4043567059782252
6th FINA World Championships 1991,1991-01-07,GER,Simone OSYGUS,56.55,6,1991,6th FINA World Championships 1991 - Perth,0.761256705741735
6th FINA World Championships 1991,1991-01-07,URS,Yevgeniya YERMAKOVA,56.56,7,1991,6th FINA World Championships 1991 - Perth,0.7776719446795709
2nd FINA World Championships 1975,1975-07-22,GDR,Kornelia ENDER,56.6,1,1975,2nd FINA World Championships 1975 - Cali,-1.8653118586131887
4th FINA World Championships 1982,1982-08-01,FRG,Karin SEICK,56.61,4,1982,4th FINA World Championships 1982 - Guayaquil,0.3158366653599484
6th FINA World Championships 1991,1991-01-07,USA,Julie COOPER,56.66,8,1991,6th FINA World Championships 1991 - Perth,0.9418243340578367
4th FINA World Championships 1982,1982-08-01,URS,Irina GERASIMOVA,56.69,5,1982,4th FINA World Championships 1982 - Guayaquil,0.496314759851343
4th FINA World Championships 1982,1982-08-01,GDR,Caren METSCHUCK,56.71,6,1982,4th FINA World Championships 1982 - Guayaquil,0.5414342834741996
3rd FINA World Championships 1978,1978-08-28,NOR,Lene JENSSEN,56.82,2,1978,3rd FINA World Championships 1978 - West Berlin,-0.35977474872825316
3rd FINA World Championships 1978,1978-08-28,URS,Larisa TSARYOVA,56.85,3,1978,3rd FINA World Championships 1978 - West Berlin,-0.31660177888085994
4th FINA World Championships 1982,1982-08-01,SWE,Agneta ERIKSSON,56.9,7,1982,4th FINA World Championships 1982 - Guayaquil,0.9700697578912657
4th FINA World Championships 1982,1982-08-01,USA,Kathy TREIBLE,56.92,8,1982,4th FINA World Championships 1982 - Guayaquil,1.0151892815141224
5th FINA World Championships 1986,1986-08-17,FRG,Iris ZSCHERPE,56.95,7,1986,5th FINA World Championships 1986 - Madrid,1.3084916027583244
3rd FINA World Championships 1978,1978-08-28,USA,Stephanie ELKINS,56.98,4,1978,3rd FINA World Championships 1978 - West Berlin,-0.1295189095421695
5th FINA World Championships 1986,1986-08-17,NED,Annemarie VERSTAPPEN,57.01,8,1986,5th FINA World Championships 1986 - Madrid,1.3997817145786653
3rd FINA World Championships 1978,1978-08-28,NED,Enith BRIGITHA,57.17,5,1978,3rd FINA World Championships 1978 - West Berlin,0.14390989949131763
3rd FINA World Championships 1978,1978-08-28,GDR,Heike WITT,57.49,6,1978,3rd FINA World Championships 1978 - West Berlin,0.6044215778634952
1st FINA World Championships 1973,1973-09-08,GDR,Kornelia ENDER,57.54,1,1973,1st FINA World Championships 1973 - Belgrade,-1.6666843943585135
3rd FINA World Championships 1978,1978-08-28,SWE,Birgitta JONSSON,57.54,7,1978,3rd FINA World Championships 1978 - West Berlin,0.6763765276091438
2nd FINA World Championships 1975,1975-07-22,USA,Shirley BABASHOFF,57.81,2,1975,2nd FINA World Championships 1975 - Cali,-0.4943005608625634
3rd FINA World Championships 1978,1978-08-28,NZL,Rebecca PERROTT,58.03,8,1978,3rd FINA World Championships 1978 - West Berlin,1.3815350351165427
2nd FINA World Championships 1975,1975-07-22,NED,Enith BRIGITHA,58.2,3,1975,2nd FINA World Championships 1975 - Cali,-0.052404357455336704
2nd FINA World Championships 1975,1975-07-22,USA,Kathy HEDDY,58.21,4,1975,2nd FINA World Championships 1975 - Cali,-0.0410736855731024
2nd FINA World Championships 1975,1975-07-22,GDR,Barbara KRAUSE,58.22,5,1975,2nd FINA World Championships 1975 - Cali,-0.029743013690868084
2nd FINA World Championships 1975,1975-07-22,FRG,Jutta WEBER-MEEUW,58.33,6,1975,2nd FINA World Championships 1975 - Cali,0.09489437701373349
1st FINA World Championships 1973,1973-09-08,USA,Shirley BABASHOFF,58.87,2,1973,1st FINA World Championships 1973 - Belgrade,-0.4107692416690974
1st FINA World Championships 1973,1973-09-08,NED,Enith BRIGITHA,58.87,3,1973,1st FINA World Championships 1973 - Belgrade,-0.4107692416690974
2nd FINA World Championships 1975,1975-07-22,CAN,Anne JARDIN,58.9,7,1975,2nd FINA World Championships 1975 - Cali,0.740742674301218
1st FINA World Championships 1973,1973-09-08,GDR,Andrea EIFE,58.93,4,1973,1st FINA World Championships 1973 - Belgrade,-0.35411141523197864
1st FINA World Championships 1973,1973-09-08,FRA,Guylaine BERGER,59.51,5,1973,1st FINA World Championships 1973 - Belgrade,0.19358090699348005
1st FINA World Championships 1973,1973-09-08,FRG,Jutta WEBER-MEEUW,59.58,6,1973,1st FINA World Championships 1973 - Belgrade,0.2596817045034497
2nd FINA World Championships 1975,1975-07-22,URS,Lyubov KOBZOVA,59.7,8,1975,2nd FINA World Championships 1975 - Cali,1.647196424880148
1st FINA World Championships 1973,1973-09-08,USA,Kathy HEDDY,59.9,7,1973,1st FINA World Championships 1973 - Belgrade,0.5618567788347384
1st FINA World Championships 1973,1973-09-08,SUI,Francoise MONOD,61.24,8,1973,1st FINA World Championships 1973 - Belgrade,1.827214902597012
